[
  {
    "UserMstrSK": 6,
    "LoginSK": 6,
    "EmailAddr": "sofiane.may12@mhplan.com",
    "FirstName": "Barry",
    "MidName": "Tomas",
    "LastName": "StarK",
    "NameSfx": "",
    "PhNbr": "1111",
    "PhNbrExtn": "1",
    "DOB": "2000-01-07",
    "CreatedBy": "Sys",
    "CreatedTs": "2018-05-04T15:07:24.693-04:00",
    "LastModfdBy": "",
    "LastModfdTs": "2018-10-25T12:24:51.240-04:00",
    "UserStatTypeCode": "Enabled",
    "UserTypeCode": "Internal",
    "EmpNbr": "",
    "UserActvtnInd": true,
    "RecStat": "Active",
    "cf_UserType": "Internal",
    "cf_LoginID": "bstark",
    "cf_TenantTaxnmyName": "Global",
    "cf_UserStatTypeDesc": "Enabled",
    "daTableRowId": "AAAAAAAKwIE="
  },
  {
    "UserMstrSK": 26,
    "LoginSK": 32,
    "EmailAddr": "laura.senko@mhplan.com",
    "FirstName": "Steve",
    "MidName": "",
    "LastName": "Harrington",
    "NameSfx": "",
    "PhNbr": "1111111111",
    "PhNbrExtn": "1",
    "DOB": "1967-06-27",
    "CreatedBy": "bstark",
    "CreatedTs": "2018-02-27T15:06:51.583-05:00",
    "LastModfdBy": "bstark",
    "LastModfdTs": "2018-10-22T13:44:18.176-04:00",
    "UserStatTypeCode": "Awaiting Verification",
    "UserTypeCode": "Internal",
    "EmpNbr": "12345",
    "UserActvtnInd": true,
    "RecStat": "Active",
    "cf_UserType": "Internal",
    "cf_LoginID": "sharringtoN",
    "cf_TenantTaxnmyName": "Davidson Plyforms Employees",
    "cf_UserStatTypeDesc": "Awaiting Verification",
    "daTableRowId": "AAAAAAAKwJU="
  },
  {
    "UserMstrSK": 29,
    "LoginSK": 37,
    "EmailAddr": "Andrew.French@mhplan.com",
    "FirstName": "Automated",
    "MidName": "",
    "LastName": "Tester",
    "NameSfx": "",
    "PhNbr": "1111111111",
    "PhNbrExtn": "1",
    "DOB": "2000-01-01",
    "CreatedBy": "bstark",
    "CreatedTs": "2018-03-13T10:18:39.492-04:00",
    "LastModfdBy": "",
    "LastModfdTs": "2018-09-20T15:44:23.726-04:00",
    "UserStatTypeCode": "Enabled",
    "UserTypeCode": "Internal",
    "EmpNbr": "",
    "UserActvtnInd": true,
    "RecStat": "Active",
    "cf_UserType": "Internal",
    "cf_LoginID": "autotest",
    "cf_TenantTaxnmyName": "Pharmastar",
    "cf_UserStatTypeDesc": "Enabled",
    "daTableRowId": "AAAAAAAKwJg="
  },
  {
    "UserMstrSK": 46,
    "LoginSK": 55,
    "EmailAddr": "ashwinkumar.sarmaviswanathan@mhplan.com",
    "FirstName": "muffassa",
    "MidName": "",
    "LastName": "muffassaaaa",
    "NameSfx": "",
    "PhNbr": "",
    "PhNbrExtn": "1",
    "DOB": "2000-01-01",
    "CreatedBy": "bstark",
    "CreatedTs": "2018-03-21T10:46:47.778-04:00",
    "LastModfdBy": "",
    "LastModfdTs": "2018-10-22T08:37:54.336-04:00",
    "UserStatTypeCode": "Awaiting Verification",
    "UserTypeCode": "Internal",
    "EmpNbr": "1234",
    "UserActvtnInd": true,
    "RecStat": "Active",
    "cf_UserType": "Internal",
    "cf_LoginID": "mmuffassa",
    "cf_TenantTaxnmyName": "AutomatedTenant10689",
    "cf_UserStatTypeDesc": "Awaiting Verification",
    "daTableRowId": "AAAAAAAKwKE="
  },
  {
    "UserMstrSK": 48,
    "LoginSK": 62,
    "EmailAddr": "yokesh.parasuraman@mhplan.com",
    "FirstName": "Yokesh",
    "MidName": "",
    "LastName": "Parasuraman",
    "NameSfx": "",
    "PhNbr": "__________",
    "PhNbrExtn": "1",
    "DOB": "2001-01-01",
    "CreatedBy": "bstark",
    "CreatedTs": "2018-05-02T10:55:04.687-04:00",
    "LastModfdBy": "",
    "LastModfdTs": "2018-09-20T15:44:26.072-04:00",
    "UserStatTypeCode": "Enabled",
    "UserTypeCode": "Internal",
    "EmpNbr": "",
    "UserActvtnInd": true,
    "RecStat": "Active",
    "cf_UserType": "Internal",
    "cf_LoginID": "bpmadmin",
    "cf_TenantTaxnmyName": "Pharmastar",
    "cf_UserStatTypeDesc": "Enabled",
    "daTableRowId": "AAAAAAAKwKM="
  },
  {
    "UserMstrSK": 49,
    "LoginSK": 63,
    "EmailAddr": "laura.senko@mhplan.com",
    "FirstName": "Chris",
    "MidName": "",
    "LastName": "Stew",
    "NameSfx": "",
    "PhNbr": "5555551212",
    "PhNbrExtn": "1",
    "DOB": "1988-05-26",
    "CreatedBy": "bstark",
    "CreatedTs": "2018-05-25T11:58:20.520-04:00",
    "LastModfdBy": "bstark",
    "LastModfdTs": "2018-10-19T17:13:52.530-04:00",
    "UserStatTypeCode": "Complete",
    "UserTypeCode": "Internal",
    "EmpNbr": "3",
    "UserActvtnInd": true,
    "RecStat": "Active",
    "cf_UserType": "Internal",
    "cf_LoginID": "smay",
    "cf_TenantTaxnmyName": "Global",
    "cf_UserStatTypeDesc": "Complete",
    "daTableRowId": "AAAAAAAKwKQ="
  },
  {
    "UserMstrSK": 87,
    "LoginSK": 100,
    "EmailAddr": "atlasqa@mhplan.com",
    "FirstName": "SVC",
    "MidName": "",
    "LastName": "ACCT",
    "NameSfx": "",
    "PhNbr": "1111111111",
    "PhNbrExtn": "1234",
    "DOB": "2000-01-01",
    "CreatedBy": "IMPORTER",
    "CreatedTs": "2018-07-26T10:46:42.443-04:00",
    "LastModfdBy": "",
    "LastModfdTs": "2018-09-20T15:43:21.949-04:00",
    "UserStatTypeCode": "Enabled",
    "UserTypeCode": "Internal",
    "EmpNbr": "",
    "UserActvtnInd": true,
    "RecStat": "Active",
    "cf_UserType": "Internal",
    "cf_LoginID": "atl_svc_acct",
    "cf_TenantTaxnmyName": "Global",
    "cf_UserStatTypeDesc": "Enabled",
    "daTableRowId": "AAAAAAAKwLE="
  },
  {
    "UserMstrSK": 88,
    "LoginSK": 101,
    "EmailAddr": "atlasqa@mhplan.com",
    "FirstName": "SVC",
    "MidName": "",
    "LastName": "ACCT",
    "NameSfx": "",
    "PhNbr": "1111111111",
    "PhNbrExtn": "1234",
    "DOB": "2000-01-01",
    "CreatedBy": "IMPORTER",
    "CreatedTs": "2018-07-30T16:14:29.652-04:00",
    "LastModfdBy": "",
    "LastModfdTs": "2018-09-20T15:43:22.652-04:00",
    "UserStatTypeCode": "Enabled",
    "UserTypeCode": "Internal",
    "EmpNbr": "",
    "UserActvtnInd": true,
    "RecStat": "Active",
    "cf_UserType": "Internal",
    "cf_LoginID": "atl_dl_acct",
    "cf_TenantTaxnmyName": "Global",
    "cf_UserStatTypeDesc": "Enabled",
    "daTableRowId": "AAAAAAAKwLI="
  },
  {
    "UserMstrSK": 133,
    "LoginSK": 150,
    "EmailAddr": "daniel.sliwinski@mhplan.com",
    "FirstName": "PharmacyClaim",
    "MidName": "",
    "LastName": "Lead",
    "NameSfx": "",
    "PhNbr": "1111111111",
    "PhNbrExtn": "1",
    "DOB": "1991-01-03",
    "CreatedBy": "bstark",
    "CreatedTs": "2018-08-06T11:08:08.479-04:00",
    "LastModfdBy": "",
    "LastModfdTs": "2018-10-11T14:42:01.728-04:00",
    "UserStatTypeCode": "Enabled",
    "UserTypeCode": "Internal",
    "EmpNbr": "12345",
    "UserActvtnInd": true,
    "RecStat": "Internal",
    "cf_UserType": "Internal",
    "cf_LoginID": "pharmclaimlead",
    "cf_TenantTaxnmyName": "Global",
    "cf_UserStatTypeDesc": "Enabled",
    "daTableRowId": "AAAAAAAKwMs="
  },
  {
    "UserMstrSK": 134,
    "LoginSK": 151,
    "EmailAddr": "jessica.cook@mhplan.com",
    "FirstName": "PharmInvoice",
    "MidName": "",
    "LastName": "Analyst",
    "NameSfx": "",
    "PhNbr": "2211332211",
    "PhNbrExtn": "1",
    "DOB": "1991-01-01",
    "CreatedBy": "bstark",
    "CreatedTs": "2018-08-06T11:36:56.984-04:00",
    "LastModfdBy": "bstark",
    "LastModfdTs": "2018-10-18T13:09:33.259-04:00",
    "UserStatTypeCode": "Complete",
    "UserTypeCode": "Internal",
    "EmpNbr": "54321",
    "UserActvtnInd": false,
    "RecStat": "Internal",
    "cf_UserType": "Internal",
    "cf_LoginID": "pharminvoiceanalyst",
    "cf_TenantTaxnmyName": "Global",
    "cf_UserStatTypeDesc": "Complete",
    "daTableRowId": "AAAAAAAKwMw="
  },
  {
    "UserMstrSK": 135,
    "LoginSK": 152,
    "EmailAddr": "GAdmin@gadmin.com",
    "FirstName": "Gadmin",
    "MidName": "",
    "LastName": "Administrator",
    "NameSfx": "",
    "PhNbr": "1234567890",
    "PhNbrExtn": "1",
    "DOB": "1993-01-01",
    "CreatedBy": "bstark",
    "CreatedTs": "2018-08-07T11:05:15.354-04:00",
    "LastModfdBy": "",
    "LastModfdTs": "2018-09-20T15:44:44.328-04:00",
    "UserStatTypeCode": "Enabled",
    "UserTypeCode": "Internal",
    "EmpNbr": "8877",
    "UserActvtnInd": true,
    "RecStat": "Internal",
    "cf_UserType": "Internal",
    "cf_LoginID": "gadmin",
    "cf_TenantTaxnmyName": "Alamo Electronics Employees",
    "cf_UserStatTypeDesc": "Enabled",
    "daTableRowId": "AAAAAAAKwM0="
  },
  {
    "UserMstrSK": 139,
    "LoginSK": 156,
    "EmailAddr": "melissa.drager@mhplan.com",
    "FirstName": "MedicareEnrollment",
    "MidName": "",
    "LastName": "Specialist",
    "NameSfx": "",
    "PhNbr": "3121234567",
    "PhNbrExtn": "1",
    "DOB": "1980-01-01",
    "CreatedBy": "bstark",
    "CreatedTs": "2018-08-16T09:04:21.207-04:00",
    "LastModfdBy": "",
    "LastModfdTs": "2018-09-20T15:44:44.482-04:00",
    "UserStatTypeCode": "Enabled",
    "UserTypeCode": "Internal",
    "EmpNbr": "987654",
    "UserActvtnInd": true,
    "RecStat": "Internal",
    "cf_UserType": "Internal",
    "cf_LoginID": "medicareenrollmentspecialist",
    "cf_TenantTaxnmyName": "Global",
    "cf_UserStatTypeDesc": "Enabled",
    "daTableRowId": "AAAAAAAKwM8="
  },
  {
    "UserMstrSK": 140,
    "LoginSK": 157,
    "EmailAddr": "brittany.cody@mhplan.com",
    "FirstName": "MedicaidEnrollment",
    "MidName": "",
    "LastName": "SpecialistIL",
    "NameSfx": "",
    "PhNbr": "3124567897",
    "PhNbrExtn": "1",
    "DOB": "1981-01-01",
    "CreatedBy": "bstark",
    "CreatedTs": "2018-08-16T09:06:59.832-04:00",
    "LastModfdBy": "",
    "LastModfdTs": "2018-09-20T15:44:44.831-04:00",
    "UserStatTypeCode": "Enabled",
    "UserTypeCode": "Internal",
    "EmpNbr": "456789",
    "UserActvtnInd": true,
    "RecStat": "Internal",
    "cf_UserType": "Internal",
    "cf_LoginID": "medicaidenrollmentspecialistil",
    "cf_TenantTaxnmyName": "Global",
    "cf_UserStatTypeDesc": "Enabled",
    "daTableRowId": "AAAAAAAKwNA="
  },
  {
    "UserMstrSK": 141,
    "LoginSK": 158,
    "EmailAddr": "matt@email.com",
    "FirstName": "Matt",
    "MidName": "",
    "LastName": "Stafford",
    "NameSfx": "",
    "PhNbr": "4444444444",
    "PhNbrExtn": "1",
    "DOB": "1991-01-04",
    "CreatedBy": "bstark",
    "CreatedTs": "2018-08-16T09:38:45.789-04:00",
    "LastModfdBy": "",
    "LastModfdTs": "2018-09-20T15:44:45.078-04:00",
    "UserStatTypeCode": "Enabled",
    "UserTypeCode": "Internal",
    "EmpNbr": "4411",
    "UserActvtnInd": true,
    "RecStat": "Internal",
    "cf_UserType": "Internal",
    "cf_LoginID": "matt",
    "cf_TenantTaxnmyName": "Pharmastar",
    "cf_UserStatTypeDesc": "Enabled",
    "daTableRowId": "AAAAAAAKwNE="
  },
  {
    "UserMstrSK": 145,
    "LoginSK": 163,
    "EmailAddr": "sofiane@mhplan.com",
    "FirstName": "Sofiane",
    "MidName": "h",
    "LastName": "johnson",
    "PhNbr": "3131111111",
    "DOB": "2000-01-01",
    "CreatedBy": "bstark",
    "CreatedTs": "2018-08-16T15:28:12.570-04:00",
    "LastModfdBy": "bstark",
    "LastModfdTs": "2018-10-22T14:08:12.388-04:00",
    "UserStatTypeCode": "Complete",
    "UserTypeCode": "Internal",
    "EmpNbr": "4444",
    "UserActvtnInd": true,
    "RecStat": "Active",
    "cf_UserType": "Internal",
    "cf_LoginID": "sofiane",
    "cf_TenantTaxnmyName": "444444",
    "cf_UserStatTypeDesc": "Complete",
    "daTableRowId": "AAAAAAAKwNI="
  },
  {
    "UserMstrSK": 162,
    "LoginSK": 193,
    "EmailAddr": "csagan@mhplan.com",
    "FirstName": "Carl",
    "LastName": "Sagan",
    "PhNbr": "5555555555",
    "DOB": "2018-08-19",
    "CreatedBy": "bstark",
    "CreatedTs": "2018-08-30T09:10:49.673-04:00",
    "LastModfdBy": "bstark",
    "LastModfdTs": "2018-10-17T16:25:59.267-04:00",
    "UserStatTypeCode": "Enabled",
    "UserTypeCode": "Internal",
    "EmpNbr": "00",
    "UserActvtnInd": true,
    "RecStat": "Active",
    "cf_UserType": "Internal",
    "cf_LoginID": "csagan22",
    "cf_TenantTaxnmyName": "Global",
    "cf_UserStatTypeDesc": "Enabled",
    "daTableRowId": "AAAAAAAKwOQ="
  },
  {
    "UserMstrSK": 164,
    "LoginSK": 195,
    "EmailAddr": "michael.nadrowski@mhplan.com",
    "FirstName": "Ref",
    "LastName": "Admin",
    "PhNbr": "3131111313",
    "DOB": "1980-09-03",
    "CreatedBy": "bstark",
    "CreatedTs": "2018-09-04T14:04:40.341-04:00",
    "LastModfdBy": "",
    "LastModfdTs": "2018-10-15T08:47:10.017-04:00",
    "UserStatTypeCode": "Enabled",
    "UserTypeCode": "Internal",
    "EmpNbr": "2299",
    "UserActvtnInd": true,
    "RecStat": "Active",
    "cf_UserType": "Internal",
    "cf_LoginID": "refadmin",
    "cf_TenantTaxnmyName": "Global",
    "cf_UserStatTypeDesc": "Enabled",
    "daTableRowId": "AAAAAAAKwOY="
  },
  {
    "UserMstrSK": 166,
    "LoginSK": 200,
    "EmailAddr": "cmcitbpmsystemerror@mhplan.com",
    "FirstName": "Enroll",
    "MidName": "",
    "LastName": "Administrator",
    "NameSfx": "",
    "PhNbr": "1234567890",
    "PhNbrExtn": "1234",
    "DOB": "2000-01-01",
    "CreatedBy": "IMPORTER",
    "CreatedTs": "2018-09-05T16:58:35.581-04:00",
    "LastModfdBy": "",
    "LastModfdTs": "2018-09-05T17:02:02.527-04:00",
    "UserStatTypeCode": "Enabled",
    "UserTypeCode": "Internal",
    "EmpNbr": "",
    "UserActvtnInd": true,
    "RecStat": "Active",
    "cf_UserType": "Internal",
    "cf_LoginID": "enrolladmin",
    "cf_TenantTaxnmyName": "Global",
    "cf_UserStatTypeDesc": "Enabled",
    "daTableRowId": "AAAAAAAKwOg="
  },
  {
    "UserMstrSK": 174,
    "LoginSK": 208,
    "EmailAddr": "cmcitbpmsystemerror@mhplan.com",
    "FirstName": "FS",
    "MidName": "",
    "LastName": "Administrator",
    "NameSfx": "",
    "PhNbr": "1234567890",
    "PhNbrExtn": "1234",
    "DOB": "2000-01-01",
    "CreatedBy": "IMPORTER",
    "CreatedTs": "2018-09-06T16:16:00.003-04:00",
    "LastModfdBy": "bstark",
    "LastModfdTs": "2018-09-06T16:16:31.097-04:00",
    "UserStatTypeCode": "Enabled",
    "UserTypeCode": "Internal",
    "EmpNbr": "",
    "UserActvtnInd": true,
    "RecStat": "Active",
    "cf_UserType": "Internal",
    "cf_LoginID": "fsadmin",
    "cf_TenantTaxnmyName": "Global",
    "cf_UserStatTypeDesc": "Enabled",
    "daTableRowId": "AAAAAAAKwOs="
  },
  {
    "UserMstrSK": 179,
    "LoginSK": 213,
    "EmailAddr": "eric.george1002@mhplan.com",
    "FirstName": "Eric",
    "MidName": "",
    "LastName": "George",
    "NameSfx": "",
    "PhNbr": "1234567890",
    "PhNbrExtn": "1",
    "DOB": "2000-10-01",
    "CreatedBy": "bstark",
    "CreatedTs": "2018-09-10T11:49:23.114-04:00",
    "LastModfdBy": "",
    "LastModfdTs": "2018-09-20T15:44:50.083-04:00",
    "UserStatTypeCode": "Awaiting Verification",
    "UserTypeCode": "Internal",
    "EmpNbr": "1002",
    "UserActvtnInd": true,
    "RecStat": "Internal",
    "cf_UserType": "Internal",
    "cf_LoginID": "eric1002",
    "cf_TenantTaxnmyName": "Global",
    "cf_UserStatTypeDesc": "Awaiting Verification",
    "daTableRowId": "AAAAAAAKwPA="
  },
  {
    "UserMstrSK": 185,
    "LoginSK": 219,
    "EmailAddr": "laura.senko@mhplan.com",
    "FirstName": "Reference Data",
    "LastName": "Administrator",
    "PhNbr": "1111111111",
    "DOB": "1991-01-01",
    "CreatedBy": "bstark",
    "CreatedTs": "2018-09-19T16:24:12.387-04:00",
    "LastModfdBy": "bstark",
    "LastModfdTs": "2018-10-19T16:38:27.354-04:00",
    "UserStatTypeCode": "Enabled",
    "UserTypeCode": "Internal",
    "EmpNbr": "3333",
    "UserActvtnInd": true,
    "RecStat": "Active",
    "cf_UserType": "Internal",
    "cf_LoginID": "rdadmin",
    "cf_TenantTaxnmyName": "Tenant Permissions testing Laura",
    "cf_UserStatTypeDesc": "Enabled",
    "daTableRowId": "AAAAAAAKwPY="
  },
  {
    "UserMstrSK": 186,
    "LoginSK": 220,
    "EmailAddr": "laura.senko@mhplan.com",
    "FirstName": "User",
    "LastName": "Administrator",
    "PhNbr": "2222222222",
    "DOB": "1991-01-01",
    "CreatedBy": "bstark",
    "CreatedTs": "2018-09-19T16:26:01.160-04:00",
    "LastModfdBy": "bstark",
    "LastModfdTs": "2018-10-19T16:37:15.369-04:00",
    "UserStatTypeCode": "Enabled",
    "UserTypeCode": "Internal",
    "EmpNbr": "4444",
    "UserActvtnInd": true,
    "RecStat": "Active",
    "cf_UserType": "Internal",
    "cf_LoginID": "uadmin",
    "cf_TenantTaxnmyName": "Tenant Permissions testing Laura",
    "cf_UserStatTypeDesc": "Enabled",
    "daTableRowId": "AAAAAAAKwPc="
  },
  {
    "UserMstrSK": 189,
    "LoginSK": 223,
    "EmailAddr": "laura.senko@mhplan.com",
    "FirstName": "Lower",
    "MidName": "",
    "LastName": "Case",
    "DOB": "2003-01-02",
    "CreatedBy": "bstark",
    "CreatedTs": "2018-09-27T09:04:33.389-04:00",
    "LastModfdBy": "bstark",
    "LastModfdTs": "2018-10-17T16:34:04.363-04:00",
    "UserStatTypeCode": "Enabled",
    "UserTypeCode": "Internal",
    "EmpNbr": "1234567890",
    "UserActvtnInd": true,
    "RecStat": "Active",
    "cf_UserType": "Internal",
    "cf_LoginID": "lowercase",
    "cf_TenantTaxnmyName": "AmeriClear Rx LLC",
    "cf_UserStatTypeDesc": "Enabled",
    "daTableRowId": "AAAAAAAKwOo="
  },
  {
    "UserMstrSK": 190,
    "LoginSK": 224,
    "EmailAddr": "laura.senko@mhplan.com",
    "FirstName": "Lower",
    "LastName": "Case 2nd",
    "DOB": "2004-02-03",
    "CreatedBy": "bstark",
    "CreatedTs": "2018-09-27T09:06:13.703-04:00",
    "LastModfdBy": "bstark",
    "LastModfdTs": "2018-10-19T16:12:41.951-04:00",
    "UserStatTypeCode": "Awaiting Verification",
    "UserTypeCode": "Internal",
    "EmpNbr": "0987654321",
    "UserActvtnInd": false,
    "RecStat": "Active",
    "cf_UserType": "Internal",
    "cf_LoginID": "lowercase2",
    "cf_TenantTaxnmyName": "Global",
    "cf_UserStatTypeDesc": "Awaiting Verification",
    "daTableRowId": "AAAAAAAKwO4="
  },
  {
    "UserMstrSK": 193,
    "LoginSK": 227,
    "EmailAddr": "dmad@mhplan.com",
    "FirstName": "Rx Test User",
    "LastName": "JSmith",
    "DOB": "1960-01-01",
    "CreatedBy": "bstark",
    "CreatedTs": "2018-10-01T10:40:46.907-04:00",
    "LastModfdBy": "bstark",
    "LastModfdTs": "2018-10-01T10:43:06.603-04:00",
    "UserStatTypeCode": "Enabled",
    "UserTypeCode": "Internal",
    "EmpNbr": "1234567890",
    "UserActvtnInd": true,
    "RecStat": "Active",
    "cf_UserType": "Internal",
    "cf_LoginID": "jsmith",
    "cf_TenantTaxnmyName": "Global",
    "cf_UserStatTypeDesc": "Enabled",
    "daTableRowId": "AAAAAAAKwPw="
  },
  {
    "UserMstrSK": 197,
    "LoginSK": 240,
    "EmailAddr": "laura.senko@mhplan.com",
    "FirstName": "Member",
    "LastName": "Administrator",
    "PhNbr": "3333333333",
    "DOB": "2018-10-01",
    "CreatedBy": "bstark",
    "CreatedTs": "2018-10-19T15:05:03.012-04:00",
    "LastModfdBy": "bstark",
    "LastModfdTs": "2018-10-19T15:49:11.204-04:00",
    "UserStatTypeCode": "Enabled",
    "UserTypeCode": "Internal",
    "EmpNbr": "1111",
    "UserActvtnInd": true,
    "RecStat": "Active",
    "cf_UserType": "Internal",
    "cf_LoginID": "memberadmin",
    "cf_TenantTaxnmyName": "Tenant Permissions testing Laura",
    "cf_UserStatTypeDesc": "Enabled",
    "daTableRowId": "AAAAAAAKwQM="
  },
  {
    "UserMstrSK": 198,
    "LoginSK": 241,
    "EmailAddr": "laura.senko@mhplan.com",
    "FirstName": "Finance",
    "LastName": "Administrator",
    "PhNbr": "2222222222",
    "DOB": "2018-10-01",
    "CreatedBy": "bstark",
    "CreatedTs": "2018-10-19T15:10:44.987-04:00",
    "LastModfdBy": "bstark",
    "LastModfdTs": "2018-10-19T16:04:33.058-04:00",
    "UserStatTypeCode": "Enabled",
    "UserTypeCode": "Internal",
    "EmpNbr": "2222",
    "UserActvtnInd": true,
    "RecStat": "Active",
    "cf_UserType": "Internal",
    "cf_LoginID": "financeadmin",
    "cf_TenantTaxnmyName": "Tenant Permissions testing Laura",
    "cf_UserStatTypeDesc": "Enabled",
    "daTableRowId": "AAAAAAAKwQQ="
  },
  {
    "UserMstrSK": 200,
    "LoginSK": 243,
    "EmailAddr": "laura.senko@mhplan.com",
    "FirstName": "New",
    "LastName": "User",
    "PhNbr": "9879879879",
    "DOB": "2018-10-02",
    "CreatedBy": "bstark",
    "CreatedTs": "2018-10-22T13:47:50.311-04:00",
    "LastModfdBy": "bstark",
    "LastModfdTs": "2018-10-22T13:48:12.391-04:00",
    "UserStatTypeCode": "Complete",
    "UserTypeCode": "Internal",
    "EmpNbr": "987",
    "UserActvtnInd": true,
    "RecStat": "Active",
    "cf_UserType": "Internal",
    "cf_LoginID": "newuser987",
    "cf_TenantTaxnmyName": "Tenant Permissions testing Laura",
    "cf_UserStatTypeDesc": "Complete",
    "daTableRowId": "AAAAAAAKwQY="
  },
  {
    "UserMstrSK": 202,
    "LoginSK": 245,
    "EmailAddr": "Dwade@gmail.com",
    "FirstName": "Dwayne",
    "LastName": "Wade",
    "PhNbr": "4444444444",
    "DOB": "2018-10-01",
    "CreatedBy": "bstark",
    "CreatedTs": "2018-10-23T09:29:09.629-04:00",
    "LastModfdBy": "bstark",
    "LastModfdTs": "2018-10-23T09:29:09.670-04:00",
    "UserStatTypeCode": "Incomplete",
    "UserTypeCode": "Internal",
    "EmpNbr": "111111111111111",
    "UserActvtnInd": false,
    "RecStat": "Active",
    "cf_UserType": "Internal",
    "cf_LoginID": "dwade",
    "cf_UserStatTypeDesc": "Incomplete",
    "daTableRowId": "AAAAAAAKwQg="
  },
  {
    "UserMstrSK": 205,
    "LoginSK": 248,
    "EmailAddr": "steven.nycek@mhplan.com",
    "FirstName": "Steven",
    "LastName": "asdf",
    "PhNbr": "1234567890",
    "DOB": "1980-01-01",
    "CreatedBy": "bstark",
    "CreatedTs": "2018-10-24T16:49:25.005-04:00",
    "LastModfdBy": "bstark",
    "LastModfdTs": "2018-10-24T16:50:05.481-04:00",
    "UserStatTypeCode": "Awaiting Verification",
    "UserTypeCode": "Internal",
    "EmpNbr": "654321",
    "UserActvtnInd": true,
    "RecStat": "Active",
    "cf_UserType": "Internal",
    "cf_LoginID": "654321s",
    "cf_TenantTaxnmyName": "Global",
    "cf_UserStatTypeDesc": "Awaiting Verification",
    "daTableRowId": "AAAAAAAKwQs="
  },
  {
    "UserMstrSK": 209,
    "LoginSK": 252,
    "EmailAddr": "surya123@gmail.com",
    "FirstName": "Surya",
    "MidName": "Kant",
    "LastName": "Arya",
    "PhNbr": "9018575830",
    "DOB": "1986-01-11",
    "CreatedBy": "bstark",
    "CreatedTs": "2018-10-25T10:10:15.936-04:00",
    "LastModfdBy": "bstark",
    "LastModfdTs": "2018-10-25T10:13:01.520-04:00",
    "UserStatTypeCode": "Complete",
    "UserTypeCode": "Internal",
    "EmpNbr": "007",
    "UserActvtnInd": false,
    "RecStat": "Active",
    "cf_UserType": "Internal",
    "cf_LoginID": "surya",
    "cf_TenantTaxnmyName": "AutomatedName1318",
    "cf_UserStatTypeDesc": "Complete",
    "daTableRowId": "AAAAAAAKwQ8="
  },
  {
    "UserMstrSK": 210,
    "LoginSK": 253,
    "EmailAddr": "laura.senko@mhplan.com",
    "FirstName": "Tenant",
    "LastName": "Administrator-6",
    "PhNbr": "4444444444",
    "DOB": "2018-10-02",
    "CreatedBy": "bstark",
    "CreatedTs": "2018-10-25T10:10:29.694-04:00",
    "LastModfdBy": "bstark",
    "LastModfdTs": "2018-10-25T12:41:12.809-04:00",
    "UserStatTypeCode": "Awaiting Verification",
    "UserTypeCode": "Internal",
    "EmpNbr": "55555",
    "UserActvtnInd": true,
    "RecStat": "Active",
    "cf_UserType": "Internal",
    "cf_LoginID": "tadmin55555",
    "cf_TenantTaxnmyName": "Tenant Permissions testing Laura",
    "cf_UserStatTypeDesc": "Awaiting Verification",
    "daTableRowId": "AAAAAAAKwRA="
  },
  {
    "UserMstrSK": 211,
    "LoginSK": 254,
    "EmailAddr": "laura.senko@mhplan.com",
    "FirstName": "Tenant",
    "LastName": "Administrator-6",
    "PhNbr": "4444444444",
    "DOB": "2018-10-02",
    "CreatedBy": "bstark",
    "CreatedTs": "2018-10-25T13:01:44.912-04:00",
    "LastModfdBy": "bstark",
    "LastModfdTs": "2018-10-25T13:01:44.917-04:00",
    "UserStatTypeCode": "Incomplete",
    "UserTypeCode": "Internal",
    "EmpNbr": "55555",
    "UserActvtnInd": true,
    "RecStat": "Active",
    "cf_UserType": "Internal",
    "cf_LoginID": "tadmin55556",
    "cf_UserStatTypeDesc": "Incomplete",
    "daTableRowId": "AAAAAAAKwRE="
  },
  {
    "UserMstrSK": 212,
    "LoginSK": 255,
    "EmailAddr": "laura.senko@mhplan.com",
    "FirstName": "Tenant",
    "LastName": "Administrator-6",
    "PhNbr": "4444444444",
    "DOB": "2018-10-02",
    "CreatedBy": "bstark",
    "CreatedTs": "2018-10-25T13:04:26.654-04:00",
    "LastModfdBy": "bstark",
    "LastModfdTs": "2018-10-25T13:04:26.661-04:00",
    "UserStatTypeCode": "Incomplete",
    "UserTypeCode": "Internal",
    "EmpNbr": "55555",
    "UserActvtnInd": true,
    "RecStat": "Active",
    "cf_UserType": "Internal",
    "cf_LoginID": "tadmin55557",
    "cf_UserStatTypeDesc": "Incomplete",
    "daTableRowId": "AAAAAAAKwRI="
  },
  {
    "UserMstrSK": 213,
    "LoginSK": 256,
    "EmailAddr": "laura.senko@mhplan.com",
    "FirstName": "Tenant",
    "LastName": "Administrator-6",
    "PhNbr": "4444444444",
    "DOB": "2018-10-02",
    "CreatedBy": "bstark",
    "CreatedTs": "2018-10-25T13:08:20.302-04:00",
    "LastModfdBy": "bstark",
    "LastModfdTs": "2018-10-25T13:08:20.306-04:00",
    "UserStatTypeCode": "Incomplete",
    "UserTypeCode": "Internal",
    "EmpNbr": "55555",
    "UserActvtnInd": true,
    "RecStat": "Active",
    "cf_UserType": "Internal",
    "cf_LoginID": "tadmin55558",
    "cf_UserStatTypeDesc": "Incomplete",
    "daTableRowId": "AAAAAAAKwRM="
  },
  {
    "UserMstrSK": 214,
    "LoginSK": 257,
    "EmailAddr": "laura.senko@mhplan.com",
    "FirstName": "Tenant",
    "LastName": "Administrator-6",
    "PhNbr": "4444444444",
    "DOB": "2018-10-02",
    "CreatedBy": "bstark",
    "CreatedTs": "2018-10-25T13:09:18.928-04:00",
    "LastModfdBy": "bstark",
    "LastModfdTs": "2018-10-25T13:09:18.933-04:00",
    "UserStatTypeCode": "Incomplete",
    "UserTypeCode": "Internal",
    "EmpNbr": "55555",
    "UserActvtnInd": true,
    "RecStat": "Active",
    "cf_UserType": "Internal",
    "cf_LoginID": "tadmin55559",
    "cf_UserStatTypeDesc": "Incomplete",
    "daTableRowId": "AAAAAAAKwRQ="
  }
]
